iteration,AgentID,Pos X,Pos Y,algorithm
0,ChainAgent-cha1-0-0-0-pp-end,12,24,dijkstra
0,ChainAgent-cha1-0-0-1-pp-end,36,36,dijkstra
0,ChainAgent-cha1-0-0-2-pp-end,36,12,dijkstra
0,ChainAgent-cha1-0-0-3-pp-end,48,48,dijkstra
0,ChainAgent-cha2-0-1-0-pp-intermediate,24,24,dijkstra
0,ChainAgent-cha2-0-1-1-pp-intermediate,24,24,dijkstra
0,ChainAgent-cha2-0-1-2-pp-intermediate,24,24,dijkstra
0,ChainAgent-cha2-0-1-3-pp-intermediate,24,24,dijkstra
0,ChainAgent-cha2-0-1-4-pp-intermediate,24,24,dijkstra
0,ChainAgent-cha2-0-1-5-pp-intermediate,24,24,dijkstra
0,ChainAgent-cha2-0-1-6-pp-intermediate,24,24,dijkstra
0,ChainAgent-cha2-0-1-7-pp-intermediate,24,24,dijkstra
0,ChainAgent-cha2-0-1-8-pp-intermediate,24,24,dijkstra
0,ChainAgent-cha2-0-1-9-pp-intermediate,24,24,dijkstra
0,ChainAgent-cha2-0-1-10-pp-intermediate,24,24,dijkstra
0,ChainAgent-cha2-0-1-11-pp-intermediate,24,24,dijkstra
0,ChainAgent-cha2-0-1-12-pp-intermediate,24,24,dijkstra
0,ChainAgent-cha2-0-1-13-pp-intermediate,24,24,dijkstra
0,ChainAgent-cha2-0-1-14-pp-intermediate,24,24,dijkstra
0,ChainAgent-cha2-0-1-15-pp-intermediate,24,24,dijkstra
